<?xml version="1.0" encoding="UTF-8" standalone="yes"?>
<addon id="repository.playground" name="Playground" version="1.0.0" provider-name="Playground">
	<extension point="xbmc.addon.repository" name="Playground">
		<info compressed="false">https://bitbucket.org/powerw6/playground/repository.playground/addons.xml</info>
		<checksum></checksum>
		<datadir zip="false">https://bitbucket.org/powerw6/playground/</datadir>
	</extension>
	<extension point="xbmc.addon.metadata">
		<summary>Playground!</summary>
		<description></description>
		<disclaimer></disclaimer>
		<platform>all</platform>
	</extension>
</addon>
