<?xml version="1.0" encoding="UTF-8" standalone="yes"?>
<addon id="plugin.video.ODC" name="ODC" version="0.1.7" provider-name="Kevin Shin">
  <requires>
    <import addon="xbmc.python" version="2.1.0"/>
	<import addon="script.module.beautifulsoup" version="3.2.1"/>
	<import addon="script.module.xbmcswift2" version="2.4.0"/>
 </requires>
  <extension point="xbmc.python.pluginsource" library="addon.py">
        <provides>video</provides>
  </extension>
  <extension point="xbmc.addon.metadata">
    <language>en</language>
    <platform>all</platform>
    <summary lang="en">ODC</summary>
    <description lang="en">ODC</description>
  </extension>
</addon>
