<?xml version="1.0" encoding="UTF-8"?>
<addon id="plugin.video.joovideo" 
version="1.4.0" name="JooVideo.net" provider-name="Yongsik Moon">
	<requires>
		<import addon="xbmc.python" 
version="2.23.0"/>
		<import addon="script.module.buggalo" version="1.1.2"/>
		<import addon="script.module.beautifulsoup4" version="4.3.1"/>
		<import addon="script.module.requests" version="2.9.1"/>
	</requires>
	<extension point="xbmc.python.pluginsource" library="addon.py">
		<provides>video</provides>
	</extension>
	<extension point="xbmc.addon.metadata">
		<summary lang="en_GB">Parse JooVideo and playback items</summary>
		<description lang="en_GB">Parse JooVideo and playback items</description>
		<license>GPL 2.0</license>
		<disclaimer lang="en_GB">For bugs, requests or general questions contact the author.</disclaimer>
		<platform>all</platform>
        <language>en</language>
        <website></website>
        <source></source>
        <email>morimori.ysmoon AT gmail.com</email>
	</extension>
</addon>
