<?xml version="1.0" encoding="UTF-8" standalone="yes"?>
<addon id="plugin.video.nrlive2" name="LIVE" version="0.6.1" provider-name="Kevin Shin">
  <requires>
    <import addon="xbmc.python" version="2.1.5"/>
	<import addon="script.module.beautifulsoup" version="3.2.1"/>
	<import addon="script.module.xbmcswift2" version="2.4.0"/>
	<import addon="script.module.requests" version="2.7.0"/>
  </requires>
  <extension point="xbmc.python.pluginsource" library="addon.py">
    <provides>video</provides>
  </extension>
  <extension point="xbmc.addon.metadata">
    <summary lang="en">NR Live</summary>
    <summary lang="ko">NR Live</summary>
    <description lang="en">Live feeds</description>
    <description lang="ko">Live feeds</description>
    <platform>all</platform>
  </extension>
</addon>
