<?xml version="1.0" encoding="UTF-8" standalone="yes"?>
<addon id="repository.playground" name="Playground22" version="1.0.0" provider-name="Playground">
	<extension point="xbmc.addon.repository" name="Playground">
                <info compressed="false">https://raw.githubusercontent.com/p1o2i3u4/Playground/master/addons.xml</info>
                <checksum>https://raw.githubusercontent.com/p1o2i3u4/Playground/master/addons.xml.md5</checksum>
                <datadir zip="true">https://raw.githubusercontent.com/p1o2i3u4/Playground/master/</datadir>
	</extension>
	<extension point="xbmc.addon.metadata">
		<summary>Playground!</summary>
		<description></description>
		<disclaimer></disclaimer>
		<platform>all</platform>
	</extension>
</addon>
