<?xml version="1.0" encoding="UTF-8" standalone="yes"?>
<addon id="plugin.video.KRLive" name="KR Live" version="0.0.4" provider-name="Kevin Shin">
  <requires>
    <import addon="xbmc.python" version="2.1.0"/>
	<import addon="script.module.beautifulsoup" version="3.2.1"/>
 </requires>
  <extension point="xbmc.python.pluginsource" library="addon.py">
        <provides>video</provides>
  </extension>
  <extension point="xbmc.addon.metadata">
    <language>en</language>
    <platform>all</platform>
    <summary lang="en">KR Live</summary>
    <description lang="en"></description>
  </extension>
</addon>
