<?xml version="1.0" encoding="UTF-8" standalone="yes"?>
<addon id="plugin.video.pooq" name="pooq tv" version="0.3.4" provider-name="AnAs">
	<requires>
		<import addon="xbmc.python" version="2.1.0"/>
	</requires>
	<extension point="xbmc.python.pluginsource" library="default.py">
    	<provides>video</provides>
	</extension>
	<extension point="xbmc.addon.metadata">
		<summary lang="en">pooq for Kodi</summary>
		<summary lang="kr">pooq for Kodi</summary>
		<description lang="en">pooq Live and Vod service</description>
		<description lang="kr">pooq Live 및 다시보기 서비스</description>
		<language></language>
		<platform>all</platform>
		<license>GNU GENERAL PUBLIC LICENSE. Version 2, June 1991</license>
		<email>irow14@gmail.com</email>
	</extension>
</addon>
